name,person_id,popularity
Yelena Popovic,1268193,0.3653
Toru Tokikawa,3384056,0.053
Jamie Roberts,2213550,0.0239
Matthias Schweighöfer,16808,2.6028
Stephen Basilone,1346407,0.0547
Jason Sterman,1788614,0.2328
Barry Alexander Brown,5289,0.1472
Jesse Short Bull,3515663,0.0533
Paul Weitz,3289,0.4239
Dave Chernin,217147,0.4042
Celine Song,2518227,0.6442
Nora Fiffer,1885402,0.0492
Brandon Clark,4655013,0.0071
Roshan Sethi,1943736,0.3011
Tara Pirnia,63725,0.3137
Hunter Johnson,1837879,0.0521
Jay Giannone,170240,0.6345
Toby L,1650900,0.0286
Ritchie Greer,2988851,0.2289
Sydney Freeland,1283668,0.3158
Erwann Marshall,3544062,0.0143
Justine Bateman,105647,1.9339
Joe Penna,1163460,0.2983
Mike Rohl,182892,0.5626
Naotoshi Kitada,2590884,0.0491
Shannon Washington,3486536,0.0528
Marius Weisberg,67361,0.96
Stephen Herek,18356,1.2155
Brendan Walsh,1667623,0.1223
Jesse Edwards,2806211,0.0836
Ted Passon,2895918,0.0634
Anthony Cally,3201439,0.0675
Khoa Le,2395493,0.0
Clara Aranovich,1362823,0.1186
Roger Kumble,11873,0.5738
Nick McKinless,1157595,0.5932
Joshua John Miller,93151,0.511
Tom DeNucci,935531,0.8859
John Murlowski,110834,0.4041
Thomas Tancred,3869417,0.0261
Wendy McColm,1302197,0.3325
Christopher Frierson,2096717,0.0352
Matthew John Lawrence,1927265,0.1173
Janek Ambros,1516986,0.1896
Justin Brooks,2382470,0.0143
David Thies,4587350,0.0071
Dante Yore,2156473,0.2074
Daniel Espinosa,2722441,0.0
Ken Cunningham,2741073,0.4098
Benoît Delhomme,21655,0.3785
Terry Loane,59523,0.1771
Paul Monusky,3712966,0.1716
Barret Mulholland,2837746,0.0286
Chuck Russell,3872685,0.0482
Oliver Park,2600721,0.1497
Tanya Wexler,264113,0.6416
Mike Rianda,1647289,0.44
Shannon Tindle,1453540,0.2452
Ant Timpson,1174074,0.4138
Ulrich Thomsen,4455,1.9727
Sam Black,943394,0.1286
Douglas B. Maddox,1704244,0.0357
Brian Petsos,1057653,0.318
Stark Howell,3244585,0.1372
Elisabeth Röhm,126932,2.7583
Matthieu Menu,3695483,0.1016
Lexi Giovagnoli,1085816,0.6602
Kristian Mercado Figueroa,2700343,0.9661
Meg Leonard,1708739,0.3841
Stephen Ujlaki,929941,0.1264
Denis Villeneuve,137427,2.7082
Fred Olen Ray,31155,1.0732
Searit Huluf,2437400,0.1241
Stephanie Garvin,1205257,0.1528
Brody Gusar,1302899,0.1873
Dana Gonzales,963861,0.2886
Valeri Milev,1040955,0.2577
Corey Norman,1529674,0.1516
Wendy Rogers,3513656,0.0
Cal Brunker,1098477,0.3451
Katie Holmes,3897,5.0509
Danny Lee,1566640,0.0901
Wes Hurley,1331120,0.2744
Huw Cordey,1241968,0.4835
Christopher Forbes,104453,0.2643
William Kaufman,228177,1.3541
Benjamin Brewer,3879718,0.1556
David Blue Garcia,1981891,0.2155
Martin Campbell,10702,0.7569
Spencer Zender,2407957,0.1635
Phillip Noyce,13015,0.9939
Karen Cinorre,1315376,0.112
Matt Danner,1365066,0.5212
Josh Duhamel,19536,3.029
Will Joines,1860656,0.2251
Robert Conway,247612,0.1265
Daniel H. Torrado,,
Onur Tukel,1001384,0.6151
David Yates,11343,0.8443
Joshua M. Lester,3219346,0.0496
Sammi Cohen,3193734,0.5677
Hernán Jiménez,1898315,0.2811
Harry Greenberger,2078864,0.0479
Alexandre Carrière,2413398,0.1005
John Slattery,21134,2.8649
Sean McNamara,129952,0.7495
Ben Ketai,134604,0.4191
Evan Cannon,4059864,0.0261
Brendon Small,1214840,0.4891
Nicholas Ashe Bateman,2516895,1.1245
Kerry Shawcross,1262836,0.271
Calmatic,2413451,0.0946
Tarik Saleh,119293,0.9545
Timothy Woodward Jr.,1169157,0.2895
Jonathan Hensleigh,876,0.5656
Max McGuire,1107266,0.8138
Matt Rife,1946119,1.155
Cassi Simonds,3031994,0.0621
Bill Burr,109708,2.5448
Kelsey Mann,182001,0.7925
Spider One,1203529,0.5323
Elizabeth Blake-Thomas,2049268,0.1045
Jesse V. Johnson,77295,0.9005
Svetlana Zill,2025921,0.083
Marcus Raboy,65133,0.2818
Jon M. Chu,54507,0.973
Susannah Grant,6340,0.7173
Raine McCormack,1994469,0.0
Cate Shortland,93286,1.6817
S.J. Chiro,1748254,0.8237
Lisa Steen,2194204,0.5757
Chris Weitz,3288,0.6383
Stewart Wade,105729,0.6056
Brendan Rudnicki,2043418,0.1214
Jim Strouse,52413,0.3336
Scott Weintrob,1727114,0.1329
Corbin Timbrook,99684,0.3247
Dylan McCormick,1078084,0.0952
Rosalind Ross,3505167,0.5976
Paul Wilkins,3572326,0.0071
Jan Oliver Lucks,2972744,0.0214
McKenna Jean Harris,3242711,0.0517
Ben Klein,3013100,0.0959
Bradley Parker,999812,0.3369
Walt Dohrn,118489,0.6985
Felipe Mucci,2482524,0.0847
Jon Erwin,2252675,0.0071
Raoul Peck,40312,0.2838
Michael Dimmitt,1823925,0.0379
Adam McKay,3537056,0.0143
David G. Derrick Jr.,4524084,0.228
Benjamin Ironside Koppin,2045688,0.0509
Karlton T. Clay,2779749,0.0772
Peter Sohn,21198,0.7318
Francisco Ruiz Velasco,1191828,0.0398
Ann Marie Pace,3052232,0.0945
Ari Costa,2097601,0.159
Laura Poitras,220691,0.7586
Lee Cronin,1398631,0.6887
Machete Bang Bang,1633358,0.2891
Josh Margolin,1585080,0.5707
Kyle Armstrong,2133150,0.153
Rob Sullivan,1849895,0.0429
Roxane Schlumberger,3041535,0.1936
John Darbonne,228869,0.0861
Seth Breedlove,1878464,0.1762
Chloé Zhao,1395183,1.5865
Jesús del Cerro,105241,0.316
Anna Foerster,402272,0.8602
Cathy Allyn,2185450,0.1948
Ángel Manuel Soto,1500758,0.2688
Bryian Keith Montgomery Jr.,1945106,0.0168
Dawn Mikkelson,2018748,0.0193
Noah Baumbach,5656,1.3431
Jonathan Kaufman,2981410,0.0214
J.C. Chandor,556172,4.9141
Rawson Marshall Thurber,57633,0.5771
Philippe Martinez,40282,0.1331
Kerry Mondragon,1333660,0.0868
Swisyzinna,1414197,0.1823
Jeffrey Thomas,218563,0.6649
Matthew Gentile,1564188,0.0495
Alejandro Monteverde,72960,0.3462
Greg Pritikin,82482,0.5632
Carl Andress,103381,0.0496
Craig Gillespie,50767,1.2738
Erich Sturm,1598776,0.0552
Tim Story,20400,0.5881
Christine Conradt,104893,0.2813
Alex Ranarivelo,474199,0.2555
Daniel Diosdado,1403211,0.0256
PJ Raval,1049462,0.0577
Stephen Williams,4294322,0.0352
Thomas Napper,79884,0.4892
Derek Wayne Johnson,575678,0.1122
Alessandro Baccini,1693391,0.086
Camille Delamarre,928490,0.5137
Garth Davis,1173102,0.7563
Mark Lambert Bristol,943318,0.233
Michael Grandage,1187130,0.2172
Rob Minkoff,18898,0.5314
Jessica M. Thompson,1709460,0.1405
Al Carretta,2118820,0.1734
Justin Lee,2050340,1.0238
Barry Castagnola,938510,0.1318
Leo Milano,3229248,0.0592
Eric McEver,1932642,0.4333
Michael Maren,1287278,0.0574
Keoni Waxman,92436,0.8164
Natasha Lyonne,10871,3.1888
Jason K. Lau,227431,0.1224
Dean Fleischer Camp,1540069,0.8692
Kevin Macdonald,1691159,0.0327
Benjamin China,1208422,0.2755
Bill Pohlad,46588,0.2394
Sophie Hyde,4367087,0.6069
Steven Soderbergh,1884,1.3227
Marc Levin,82286,0.2952
Thomas F. Mazziotti,2558047,0.0261
Julia Marchesi,2285675,0.1634
Joan Carr-Wiggin,143966,0.1816
Alison Klayman,531211,0.6201
Andrew Balek,1599044,0.1701
Eva Longoria,52605,3.9955
Leslie Anne Thomas,1757494,0.0214
Eric Abrams,1853569,0.1726
Mohit Ramchandani,947171,0.052
Sally Aitken,1244073,0.0892
Andrea Pallaoro,1202302,0.0448
Axelle Carolyn,231199,0.5837
Theodore Melfi,1141683,0.6915
Shirin Neshat,144492,0.1991
Richard Trank,1002149,0.2312
Louise E. Lathey,3106690,0.0071
Vince Marcello,1066705,0.7421
Mike Signorelli,3900046,0.0143
Blitz Bazawule,1507725,0.2462
Barry Jenkins,92785,0.0239
Osgood Perkins,13355,0.7289
Adil El Arbi,1399841,0.8987
Kevin Peaty,1479536,0.1642
Jeff Fowler,93364,0.4385
Arkasha Stevenson,1706480,0.44
Adam Shankman,20739,0.6274
Bob Peterson,10,1.0485
David Ayer,19769,1.2961
Ryan Andrew Hooper,2954033,0.0557
Evan Spiliotopoulos,80675,0.3502
Liza Johnson,916958,0.5983
Brian A. Metcalf,236182,0.6205
Benjamin Bryant,4172629,0.0362
Dave Needham,2136790,0.2081
Dan Abraham,3295468,0.0214
Sabrina Van Tassel,1169735,0.4779
Sam Raimi,7623,2.1095
Jason Strougo,4188960,0.0214
Ben Van Kleek,3205442,0.0574
Barry Levinson,8246,1.8794
Maria Capp,3216074,0.0286
Ron Myrick,930478,0.3622
Tracy Lucca,2966019,0.0534
Afsheen Hussein,4922672,0.0493
Hala Matar,1535084,0.3402
J.J. Perry,131532,0.733
Steve Lawson,2114488,1.1931
Joston Theney,1299438,0.3043
Yuval Adler,1200541,0.4513
Tim Fehlbaum,568692,0.6548
Charles Stone III,80215,0.3326
Gigi Saul Guerrero,1284139,0.5474
Bradley Hasse,3111568,0.0261
Will Gluck,82511,0.8012
Rudolph Herzog,144215,0.1705
Jonathan MacPherson,2451274,0.1011
Lynn Wang,1782717,0.2454
Steven Pierce,2357694,0.0143
Michael Varrati,1466098,0.1049
Jo-Anne Brechin,1871358,0.1321
Juan Salas,1765625,0.0636
Joshua Morgan,4500275,0.2264
Adam Newacheck,2383991,0.0563
Bryan Storkel,939400,0.2248
Michael Crum,1599456,0.0687
Lin-Manuel Miranda,1179651,1.3945
Thom Zimny,1257523,0.6623
Ben Proudfoot,1670204,0.2951
Halina Reijn,39847,1.2839
Sabrina Alberghetti,2425945,0.2773
Brian Volk-Weiss,62161,0.3144
Matt Reeves,32278,1.1824
Laure de Clermont-Tonnerre,131827,0.885
Hanna Summer,4328045,0.2052
Jack Martin,2872024,0.0352
Drew Garcia,3940169,0.0311
John Gulager,62797,0.8453
Clay Kaytis,1281387,0.4933
Anas Khalaf,1673388,0.3544
Gia Elliot,3196768,0.0641
Lena Dunham,139135,1.3108
Jon Keeyes,74629,0.2244
Michelle Ouellet,1011745,0.2855
Hallie Meyers-Shyer,1714926,0.3431
Lady Gaga,237405,1.6553
Scott Bateman,4175176,0.0545
Mye Hoang,1332321,0.0462
Tibor Takács,42309,0.6328
Jonás Cuarón,1003190,0.3947
Adam J. Graves,4900736,0.1496
José Antonio Stoute,4226304,0.0214
Nicholas Tomnay,550681,0.2876
Matthew López,3394148,0.1728
Patrick Brice,1155547,0.4124
Matt Peters,1637776,0.2921
Clinton Cornwell,2476029,0.0071
Jeff Celentano,93922,0.2771
Christopher James Lang,1774561,0.0547
Don McBrearty,168782,0.3999
Brendan Petrizzo,2234620,0.159
Adele Lim,1215038,0.6692
Marcelo Galvão,2716829,0.05
James Cameron,2710,7.5268
Michael Kennedy,175916,0.2357
Liz Clare,2052845,0.2801
Dan Mirvish,1107439,0.5264
Shaun Paul Piccinino,3013248,0.0071
Joel Gallen,57604,0.4423
Justin Kurzel,549310,0.627
James Lew,94089,0.4183
Richard Hughes,1855425,0.1889
Ron Oliver,2978248,0.0214
Taylor Keating,1977784,0.1093
Steph Du Melo,2818458,0.0474
Mikael Håfström,29605,0.4491
Broni Likomanov,1337340,0.1166
Joe Pearlman,2122937,0.3646
Mark Raso,3411340,0.0
Brittany Snow,29221,5.631
John Stalberg Jr.,98537,0.252
Jonathan A. Rosenbaum,1403494,0.2051
Greg Kwedar,1572120,0.5811
Diane Foster,111242,0.4621
Chris Sanders,66193,1.8961
Niko Volonakis,3868463,0.0479
L. Frazier,2088827,0.1251
Glendyn Ivin,98553,0.4939
Alex Timbers,1403179,0.2026
Jon Valde,3068609,0.0071
Rachel Morrison,3544695,0.0071
Roxanne Benjamin,1061517,0.3234
Javier Antonio Soto,4458509,0.0448
Robert Rodriguez,2294,1.4115
Frank Marshall,2121555,0.0289
Rob Marshall,17633,0.9041
Sean McEwen,2370635,0.0379
Jennifer Kaytin Robinson,1721377,0.4247
Tommy Stovall,109531,0.1951
Tom Middleton,1951996,0.0
Tim Liversedge,1739519,0.0168
Michael Johnson,3577318,0.0
Kenya Barris,1407486,2.2986
Anthony C. Ferrante,85822,0.2766
Wendy Wilkins,1718187,0.042
Nicholas Humphries,1197196,0.1212
John Burd,1721217,0.2037
George Tillman Jr.,66121,0.4526
Theodore Anthony Lee Ty,1777884,0.3
Ana Valine,1441700,0.0379
Hannah Pearl Utt,1181253,0.1666
Terrence Martin,1738154,0.0327
Stephen Stormer,1758200,0.0143
Ryan Dewar,3371277,1.041
Sean Price Williams,1073579,0.2761
Yassir Lester,1653368,2.155
Rich Correll,152315,0.7744
Mark Andrew Hamer,2793711,0.0286
Ryan Duffy,2217600,1.7976
Charlie Griak,1432566,0.102
F. Gary Gray,37932,0.9551
Rick Walker,3235491,0.0071
Michael Giacchino,15347,0.8284
Morgan Neville,1551181,0.134
Hannah Marks,59261,1.7531
Asif Akbar,1065384,1.1832
Bryan Woods,1317686,0.895
Petr Jákl,53348,0.7007
Sean Cisterna,553375,0.4839
Jon Weinbach,1084962,0.174
Paul Allica,1817686,0.4417
Rebecca Miller,1726544,0.0071
Greg Rankin,3006362,0.0579
Douglas Blush,885472,0.5397
Katie Aselton,221944,1.054
Kerry Bellessa,1103518,0.0692
Nadia Hallgren,1484586,0.3579
Jadon Cal,2835683,0.2652
Todd Sheets,104816,2.1941
Julius Avery,1299642,0.3807
Michael Sean Hall,3163292,0.0605
Brandon Vietti,124279,0.2799
Mark N. Goodman,1613339,0.2219
Chloe Okuno,1451203,0.9968
Reem Morsi,1196484,0.106
Ken Rodgers,1384720,0.3366
Destin Daniel Cretton,1144604,1.1701
Brandon Espy,2162100,0.1978
Matthew Goodhue,2840507,0.0214
Michael Dowse,71280,0.6673
Taika Waititi,55934,4.6784
Rick Jacobson,102402,0.3789
Jesse Eisenberg,44735,5.414
Anthony Waller,3465968,0.0
Jonathan Coria,3199966,0.0218
Tilman Singer,1503538,0.323
Brian Duffield,1295292,0.4038
Henry Loevner,2425746,0.1258
Carlos Butler,2538165,0.0
Annie Poling Swet,3269778,0.0
Erik Bloomquist,1468289,0.1354
Rob Reiner,3026,41.9462
Zack Snyder,15217,4.897
Peter Sullivan,2229545,0.0648
Jeremiah Zagar,550121,0.569
Barrett Burgin,1839779,0.129
Shaka King,1140231,0.4975
Greg Jardin,1331284,0.207
Jon Abrahams,17866,1.4949
Peter Callahan,140500,0.3009
S.J. Clarkson,223551,0.9095
Carson D. Mell,1122300,0.2434
R.J. Durell,1775882,0.306
Dominique Milano,1576929,0.0466
Peter Farrelly,7396,1.4252
Stan Lathan,60473,0.9641
Eric Bendick,2728842,0.042
Jamaal Burden,2165026,0.3166
Adam Sjöberg,1441564,0.0937
Rikki Hughes,1781535,0.047
Paul Solet,87494,0.1966
Mike Cahill,45459,0.4527
William Oldroyd,1661862,0.8868
Graham Moore,3463593,0.0845
Vincent Soberano,2135730,0.0718
John Rosman,4147126,0.3525
Lee Isaac Chung,931952,0.7251
Matt Handy,3042208,0.2822
Patrick Flaherty,2176881,0.0525
Alex McAulay,1467021,0.3712
Anna O'Brian,2878527,0.0779
Nailah Jefferson,1313684,0.077
Chad Peter,4000354,0.0379
Sia,1136517,2.0021
Richard Linklater,564,1.42
William Corcoran,186750,0.07
Skip Konte,1485620,0.0261
Eshom Nelms,1059588,0.5783
Jennifer Phang,586110,0.3407
Gabriela Cowperthwaite,1045176,0.1579
Alex Wroten,1257884,0.0832
Daina Oniunas-Pusić,2432817,0.0818
Rebecca Harrell Tickell,93217,0.3594
Judd Apatow,41039,1.6647
William Goldenberg,15841,0.1847
Peter Baynton,3735212,0.1009
Bruno Hernández,2884694,0.0071
Ashley Hays Wright,2592283,0.1473
Brian Goodman,80978,1.0693
Soran Mardookhi,3526787,0.0468
Damien Chazelle,136495,1.3318
Michael Haussman,124390,0.18
Millicent Shelton,1214641,0.2148
Cassius Corrigan,2259003,0.086
David DeCoteau,5716091,0.0
Matt Maiellaro,74341,0.3634
Laura Moss,1983209,1.0382
Justin Baldoni,88675,1.5745
Caylee So,2392179,0.0713
Danny Madden,1158140,0.1297
Wesley Mellott,4197779,0.0143
Abi Damaris Corbin,1663682,0.0256
Zackary Drucker,1538806,0.1658
Jeff Chan,227346,0.3289
Joe Carnahan,40223,0.912
Charlie Hamilton James,1346753,0.0691
Dan Mazer,6733,0.6156
Sarah Adina Smith,1182669,0.2033
Nicole Riegel,1668720,0.2216
Jared Stern,2091042,0.0071
Rebecca Hall,15556,3.4518
Kevin Taylor,2825661,0.0398
Anne Fletcher,29214,1.1093
Carter Smith,2634318,0.0
Tamera Hill,2177323,0.2396
Olivia Newman,1668008,0.6607
Navot Papushado,529184,0.2528
Kelly Marcel,940376,1.0735
Ti West,101542,0.8928
Mark Gustafson,1245934,0.3273
Michael Mailer,230355,0.1946
K. Asher Levin,117883,0.1847
Eddie Arya,1409624,0.3317
Michael Houston King,2252730,0.1723
Eric Laplante,2896618,0.0239
Casper Kelly,1232064,0.3801
Stefano Milla,237089,0.2258
Hannah Macpherson,2137937,0.0311
L.J. Martin,3523875,0.1035
Steven Feder,1764642,0.1259
Domee Shi,2009739,0.5342
J.F. Musial,1594949,0.1583
Charles Kinnane,231043,0.1505
Lisa Cortés,60546,0.2119
Joe Hall,3159436,0.0256
Amber Sealey,3884914,0.0604
Byron Lamarque,4554669,0.0143
Aaron Mirtes,1743833,0.1959
Aline Brosh McKenna,10567,0.3135
Bridget Smith,1710873,0.0071
Robert Machoian,1141753,0.0966
Robin Dunne,43426,0.9207
Steven Caple Jr.,1551545,0.3029
Javier Reyna,1962362,0.1136
Mira Peng,2441083,0.2235
Anna Elizabeth James,1645309,0.8809
Patrick White,80012,0.2062
John Hay,18024,0.2687
Michael Mayer,50460,0.6398
Emily Ting,1332325,0.2644
Robert  Mychal Butler,3183977,0.0261
Danny J. Boyle,1631462,0.459
Alistair LeGrand,1422664,0.1166
Marco Deufemia,1911937,0.5859
Harvey Lowry,1543532,0.9876
Ben Meyerson,2375439,0.207
Kevin Heffernan,3125642,0.0071
Tom Harper,4267993,0.0239
Erwin Budiono,2520227,0.0826
Brett Bentman,1638970,0.3841
Mark Cantu,1407399,0.3066
Aaron Fjellman,2930485,0.2016
Robert Schwentke,57270,0.4374
Marcel Walz,228632,0.6508
Martin Grof,2294652,0.0989
Robert Zemeckis,24,2.4413
Trent J. Di Giulio,4127592,0.0642
Saman Kesh,1459007,0.3616
Travis Mills,3560185,0.1496
Ari Novak,1460444,0.3162
Reyn Del Rio,3335216,0.056
Edward Berger,2699493,0.0143
Leon Lee,1305050,0.0881
Eamonn Butler,1835947,0.0629
Megalyn Echikunwoke,25382,0.9867
Simone Stock,3015705,0.1496
Zach Lorkiewicz,1922481,0.0352
Kyle McConaghy,2369444,0.2249
Peter Hsieh,1698138,0.0297
Sam Osborn,1841726,0.1504
Natalie Morales,118752,1.7413
Pablo Macho Maysonet IV,2434088,1.2478
Max Martini,94864,1.5798
Bernard Derriman,1815481,0.1028
M. Legend Brown,1201435,0.0901
John Isberg,3271833,0.1395
Max Eggers,2169945,0.5569
Durham Harrison,3500272,0.0071
Emerald Fennell,1252934,1.0754
Matt Thompson,2200935,0.1088
Bianca Stigter,3181651,0.1495
Bobby Francavillo,3572149,0.0
Samuel Bodin,1364891,0.3772
Garth Jennings,52842,0.8396
James Wan,2127,2.6708
Timothy Hines,1128550,0.0896
Joachim Rønning,20307,1.0734
Edward Buckles,1569796,0.0457
Pearry Reginald Teo,127497,0.3241
Kevin Nolting,1516156,0.3111
Ricky Borba,2628847,0.0704
Patricia Frontain,3736046,0.0967
Cat Hostick,2494264,0.4082
Lyle Mitchell Corbine Jr.,1909384,0.0379
Nabil Elderkin,970156,0.3677
Emma Seligman,1976040,0.6246
Cooper Roberts,107808,0.0726
Sonja O'Hara,1571407,0.208
Stefanie Abel Horowitz,1928016,0.2659
Benjamin Renner,1092607,0.2709
Yorgos Lanthimos,122423,2.0596
Chris Shane Sanders,1399674,0.1777
Jeremy O. Harris,1650331,1.4967
Bradley Grant Smith,1700709,0.0832
Cameron Cairnes,1083154,0.2486
James Webber,1911573,0.047
Will Speck,60923,0.3597
Nick Trivundza,2023117,0.0347
Alexander J. Farrell,2954777,0.1387
Richie Adams,1924449,0.1515
Laura Brownson,1051895,0.0983
Danis Goulet,5934,0.1445
James Cullen Bressack,1211636,0.2088
Stefan Colson,1510682,0.3786
Masaya Kato,3250929,0.0143
Taylor King,1853400,0.1891
Nanea Miyata,1087708,0.1188
Rian Johnson,67367,3.26
Rogue Rubin,2947689,0.1208
Coralie Fargeat,1607016,0.977
Nicol Paone,586786,0.0
Katy Dore,4127282,0.0214
Federico Segarra,3332073,0.0214
Daniel Fisher,2525243,0.0362
Ben Snyder,1489788,0.5844
Eric Appel,1113994,0.6575
Blake Cousins,223642,0.0495
Domingo González,3120565,0.0256
Peter Sattler,3024726,0.0311
Ernie Barbarash,5917,0.4661
Scott Waugh,293911,0.7023
Seth Jarrett,1477722,0.097
David F. Sandberg,1302082,0.5311
Allison Burnett,54781,0.3811
Anthony Fanelli,4120946,0.0261
Wanuri Kahiu,132360,0.5872
Alicia Oberle Farmer,2425186,0.0239
Elliot Dear,3086140,0.0759
Chris Skotchdopole,2194909,0.055
Conor McMahon,78545,0.3317
Steven Grayhm,81014,0.9815
Sean King O'Grady,1287628,0.1048
Andre Relis,1275657,0.3315
Steve Rudzinski,1184558,0.2224
David Gere,1108733,0.7242
John P. Campbell,1961651,0.0589
Brittany Goodwin,4140995,0.0071
Tim Travers Hawkins,1955394,0.1272
David Gordon Green,64141,0.5374
Pete Davis,1283197,0.0071
John Stimpson,3990840,0.0256
Scott Chambers,16371,0.0885
Brent Christy,1865267,0.2982
Miles Joris-Peyrafitte,1419048,1.0059
Amanda McBaine,1285813,0.2076
Anthony Nardolillo,2126996,0.079
Jeremy Saulnier,74655,0.5313
Airell Anthony Hayles,1675746,0.042
Roxy Shih,2044066,0.1973
Vanessa Caswill,1579059,0.1657
Baz Luhrmann,6201,1.1752
Brett Sullivan,1017258,0.2075
Jason Orley,1561688,0.7863
Vincent Shade,2653776,0.1104
Robert Shannon,3030416,0.0
A.J. Tesler,1498992,0.9692
Philippe Lacôte,1312159,0.0729
Randall Emmett,17211,0.4755
Kristen Lappas,2744320,0.0971
Pablo Larraín,225009,0.5027
Peter Hutchings,4343242,0.0071
Art Spigel,1238102,0.207
Thomas Vincent,565120,0.0357
Richard Foster,1262788,0.0478
Lindsay Gossling,1936718,0.0616
Mark A.Z. Dippé,87130,0.3498
Neill Blomkamp,82194,0.8147
Brit McAdams,131518,0.4536
Joe Guidry,2609435,0.089
Jonathan Straiton,1051844,0.1095
Nora Fingscheidt,1304847,0.2278
Derek Presley,1726469,0.1258
Lucie Guest,172428,1.3579
Marc Gottlieb,1654626,0.2672
Clayton Guiltner,5495749,0.0
Miles Warren,2172885,0.1125
Dave Meyers,54827,0.4689
Robert Pulcini,72206,0.424
Sam Liu,90367,0.594
John Bradshaw,3868859,0.0
Scott Cooper,65167,1.0164
Gaurav Seth,1092315,0.3954
Steven Luke,1046436,0.7107
Kirk DeMicco,71267,0.5592
Damien Power,1661695,0.4088
Jonathan Parker,132812,0.2387
Ann-Marie Schmidt,2510784,0.0214
Lisa Rose Snow,1197099,0.1722
Peter 'Drago' Tiemann,1906059,0.062
Nicole G. Leier,169739,0.3881
Danielle Krudy,1404291,0.2072
Lisa Enos Smith,2005994,0.0286
Ryuhei Kitamura,45996,1.448
Wendy Morgan,1884291,0.0256
Derek Drymon,70652,0.9966
Richard Lowry,1045500,0.3247
Alessandra Lacorazza,2323341,0.0683
Michael Alexander,4013091,0.0718
Jeff Darling,61804,0.161
Mukunda Michael Dewil,1163471,0.0717
Scott Pleydell-Pearce,3158582,0.0071
Patrick Biesemans,1060654,0.0482
Tyler Spindel,996242,0.2188
M. Night Shyamalan,11614,2.3584
Pierre-Luc Granjon,1044850,0.1178
Adrian Langley,937788,0.5087
Jordan Kessler,136184,0.2822
Geoff Meed,86204,0.5256
Constant van Hoeven,3917028,0.2811
Brian Presley,58795,0.7682
Manny Rodriguez,2047176,0.0357
Eduardo Castrillo,1632860,0.75
Jeymes Samuel,1059578,0.2095
Antoine Fuqua,20907,1.2857
Kristin Fairweather,1527504,0.0618
Mark Atkins,1862050,0.0
Marshall Josh Burnette,1893566,0.0762
Lucas Miles,1758166,0.1484
Donald Leow,1387653,0.1128
Andrew Erwin,2004241,0.0
Matt Kiel,2308188,0.4268
Darren Aronofsky,6431,1.9861
John Trengove,1553817,0.2534
Sanaa Lathan,5411,3.4987
Stephan Schultze,1178205,0.0495
Paul Hoen,38692,0.4448
Nicholas Barton,1426688,0.0693
Elizabeth Allen Rosenbaum,1223175,0.5881
Ben Kitnick,2968474,0.086
Austin Peters,2560322,0.0565
Celia Aniskovich,3228727,0.0771
John Lyde,4325840,0.0143
Ric Roman Waugh,76422,0.7541
Alix Lambert,1223937,0.1728
JD Allen,2004494,0.0465
Nia DaCosta,1795072,1.3901
Danny Gold,67489,0.1041
Brady Corbet,55493,1.0388
RaMell Ross,1934875,0.5546
Henrique Couto,1184590,0.2638
Nicholas DiBella,141814,0.1254
Michael Shevloff,955104,0.0363
Timo Tjahjanto,235430,0.8164
Ramin Niami,1150813,0.3594
Adam Schindler,4544359,0.0297
Malakai,2739055,0.0676
Mouly Surya,1139786,0.3046
Brandon Slagle,99096,0.4457
Christian de la Cortina,225897,1.4383
Charlie Scharfman,2553192,0.0286
Ryan Stevens Harris,222883,0.0673
Caroline Keene,4300930,0.0143
Rose Glass,2219327,0.6361
Robert Livings,3229005,0.0953
Micah Bickham,2433205,0.0883
Jude Weng,1711826,0.4058
Valérie Lemercier,62531,0.4384
Chloe Domont,1170655,0.3497
Sam Esmail,1331163,1.5386
Suzanne Hillinger,2320901,0.0764
Ethan Spaulding,204553,0.4059
Harry Bradbeer,173847,0.3848
Demián Rugna,531105,0.5237
Uwe Boll,23799,1.0315
Graeme Campbell,90365,0.3294
Darrell Van Citters,94177,0.1202
George Henry Horton,3033044,0.0754
Gren Wells,518972,0.8473
John Oak Dalton,1489000,0.1217
Erik Boccio,1405266,0.0939
Troy Miller,58868,0.5196
Lee Daniels,20019,0.5856
Akiva Schaffer,62854,1.0442
Sean Patrick Flanery,54789,1.8538
Jill Gevargizian,1483664,0.1397
Questlove,4719,0.4436
Sam Irvin,45037,0.4534
Eoin Macken,111801,1.7685
Aaron Schimberg,1184053,0.8246
Adam Stern,2781525,0.0
Brian Becker,3925710,0.0538
Bing Liu,1932272,0.2847
Bret Haaland,1216560,0.4739
Don McCutcheon,1420298,0.1168
Marielle Woods,2414297,0.1824
Michael Damian,3690678,0.0143
Albie Hecht,70454,0.2691
Trish Sie,1278722,0.3668
J Blakeson,111588,0.7476
Emma Tammi,2103746,1.491
Alex Hardcastle,1223146,0.5273
Justin P. Lange,1838753,0.2279
Serena Dc,3397628,0.1745
Guy Ritchie,956,4.7997
Richard Pagano,2624,0.7316
Martyn Atkins,82244,0.2195
David H. Brooks,1687926,0.762
Allison Otto,2611631,0.0673
Coke Daniels,232938,0.6569
Jesse Harris,2725552,0.1234
Jason Reitman,52443,1.4165
Martin Wood,3809868,0.0
Kenji Kamiyama,16137,1.2318
Sandra L. Martin,1446356,0.4066
Jimmy Chin,2721054,0.0143
Timo Vuorensola,66212,0.6208
Gene Blalock,1224399,0.265
Victoria Rowell,65020,1.0284
Daniel Adams,2753988,0.0362
Gareth Edwards,129894,1.019
Ellie Kanner,198612,0.3691
Michelle Johnston,155483,0.8287
Richard Wong,201747,0.078
G.H. Goba,3506546,0.1457
Ridley Scott,578,2.7653
Daniel Roher,1932822,0.2879
Marlon Wayans,9562,4.452
Peter Browngardt,1486487,0.2572
Morgan le Faucheur,2439460,0.0404
Zoë Kravitz,37153,4.7409
Rob Schneider,60949,3.4861
Dale Fabrigar,154591,0.2525
Mike Cheslik,1689814,0.4598
Jerry Seinfeld,16377,1.1439
Nicola Rose,2587663,0.0559
Andrew Adams,1946389,0.0214
Robin Givens,59153,2.3217
Penny Lane,1138244,2.2409
Lauren J. Przbyszewski,2285254,2.2949
Jimmy Gadd,2203038,0.3373
Jeff Beesley,85204,0.5743
Parker Finn,2218465,0.9686
Ashley Avis,1168139,0.5645
Maceo Greenberg,2034287,0.0143
Julian Farino,173667,0.8486
Sean Olson,938025,0.171
Campbell Bryer,3804748,0.0724
Nic Davis,2404795,0.0364
John Barr,1278486,0.0306
Joel Edwards,4145975,0.0071
Sean Baker,118415,1.8234
Keith Oliver,1642594,0.0845
Matt Engstrom,81589,0.6955
Dwight H. Little,56998,2.271
Fabio Frey,3330893,0.1186
Anna Kendrick,84223,5.2204
Leigh Brooks,3063799,0.0362
Jonathan Landau,1842430,0.0327
Brad Anderson,37948,1.3669
Robert Schwartzman,17242,0.7912
Michael Morrissey,1625048,0.0659
Christian Lamb,4092890,0.0
Roel Reiné,97555,0.563
Sebastián Lelio,1142171,0.3712
Jonah Feingold,1840409,0.3208
Sara Zandieh,2127723,0.1731
Mike Mendez,73409,0.3057
Greg Hodson,4680980,0.0143
Mary Lambert,56263,1.2215
Alexis Bloom,1624414,0.1238
Joe Dietsch,1633354,0.1895
Sav Rodgers,2090093,0.0932
Kellen Gibbs,2424863,0.0143
Cynthia Wade,3929051,0.0
Page Hurwitz,1242843,0.2121
Michael D. Olmos,133790,0.335
David Givens,3114033,0.0
John Lee Hancock,54040,0.8885
Patrick Lussier,27226,0.5294
Bruce David Klein,92887,0.0645
Maximilian Elfeldt,1097187,0.2153
Carlos Saldanha,5714,0.5135
Christopher Landon,1498919,0.0596
David Silverman,197,0.623
Jake Stormoen,1418422,0.536
Patricia McGregor,3557185,0.0214
Dave Franco,54697,4.5984
V.W. Scheich,1393226,3.7145
Bomani J. Story,2004730,0.0898
Jim Towns,4546903,0.0
Johan Renck,212408,0.8033
Bradford Thomason,108447,0.0832
Bennett Lasseter,2456685,0.047
Mimi Cave,1675644,0.4023
Tobias Lindholm,141883,0.4387
Christopher-Lee dos Santos,1207708,0.0311
Christian Vinces,3062341,0.0261
Clayton Tramel,4609508,0.0071
Robert MacLean,1667930,0.0993
Sam Roseme,2686518,0.088
Anne De Léan,2199078,0.117
Shane Hagedorn,1728469,0.2955
Alrik Bursell,1375384,0.0707
Kyra Elise Gardner,1906603,0.0694
Llewellyn M. Smith,1247191,0.0869
Stuart Paul,97705,0.541
Michael Showalter,22215,0.5568
Joe Begos,1194699,0.2425
Bruce Wemple,2006385,0.2468
Sarah Smith,2452117,0.1579
Nicholas Winter,1629421,0.0978
Sebastian DiNatale,2529891,0.0511
Dan Hunter,2601722,0.1404
Emily Kassie,88934,0.2823
Andy Fickman,58375,0.524
Megan Park,55615,1.2262
Ben O'Brien,2967258,0.0389
Adam Wingard,98631,1.0104
Maja Holzinger,3727030,0.0
Susanna Fogel,1302549,0.6806
Ben Young,2345546,0.0143
Jay Silverman,1604206,0.1114
Hank Braxtan,117168,1.2445
Peter Segal,13426,1.0657
Albert Birney,1748300,0.3782
Julio Torres,1659144,0.3809
Laurent Bouzereau,936584,0.5874
Heather Graham,69122,3.9941
Ian Bonhôte,1642118,0.4353
Andy Coyle,1653394,0.2445
Castille Landon,1448492,0.2712
Luca Guadagnino,78160,1.2641
Nicole Newnham,1028821,0.1343
Alyssa Rallo Bennett,1661422,0.0143
Salvador Simó,1078616,0.5407
Geoff Marslett,887794,0.183
Kyra Sedgwick,26467,2.7166
Tony Oppedisano,1354401,0.1154
Ian Samuels,1384266,0.3076
Shannon Lanier,4593485,0.1016
Nicholas Naylor,1641205,0.07
Barnaby Clay,1599937,0.1028
Bill Benz,1602960,0.7686
Marty Roberts,1544957,0.0409
Patricia Harris Seeley,2413072,0.062
Aziz Ansari,86626,3.6409
Justin Benson,1304232,0.0071
Aimee Long,1663844,0.0631
Clair Titley,4181476,0.0388
Tyler Riggs,3069304,0.4685
Chris Pine,62064,3.6135
Elliott Lester,222573,0.0409
Tyler MacIntyre,1070338,0.1385
Steven C. Miller,30058,0.4368
John O'Mahony,3160662,0.9258
Jevon Whetter,4048579,0.0604
Nicholas Celozzi,77806,0.2677
Robert Eggers,138781,1.2636
T.C. Christensen,229420,0.4727
Steve James,3003720,0.0338
Anike Tourse,2187518,0.0753
Liesl Tommy,1966571,0.528
Steven Spielberg,488,8.3888
D.J. Caruso,40256,0.5977
Diane Cossa,2976063,0.2702
Thorsten Klein,1308233,0.0071
Elizabeth Snoderly,1295546,0.162
William L. Cox,3739590,0.0071
James Adolphus,1275389,0.0975
Martin Makariev,1985130,0.0071
Gustavo Martin,2809780,0.0474
Elizabeth Chai Vasarhelyi,1027910,0.5277
Michael Pearce,1120206,0.1081
Jared Cohn,4495685,0.0
Janeen Damian,62079,0.9745
Jack Skyyler,1878006,0.136
Marielle Heller,177532,0.7199
Jordan VanDina,1956709,0.3523
Kelly Fremon Craig,983909,0.2699
Camilla Belle,38670,2.6164
Lindsay Hartley,1224370,0.8815
Isabel Shill,1848800,0.1644
Giselle Bailey,2320105,0.0168
Don E. FauntLeRoy,56353,0.6691
Nanfu Wang,1654199,0.3977
Kat Coiro,59218,0.4243
Bradley Walsh,3122891,0.0804
Jerren Lauder,2883290,0.0988
David Paul Meyer,1137548,0.1016
P. Frank Williams,3997582,0.0521
Robert Lorenz,4746,0.3384
Kyle Mooney,1180698,0.9042
Michael Su,1768215,0.9873
Jacob Gentry,1138598,0.0718
Dave Thomas,4230421,0.0143
Quinanthony Bateman,4709254,0.0071
Bob Akins,2419827,0.0214
Patrick Hughes,1527024,0.0143
Robert Townsend,68750,0.89
Robert Gajic,1772266,0.1311
Chris Haigh,3493647,0.0281
Jon Shenk,933761,0.2034
Reginald Hudlin,68215,0.4307
Scott Beck,1317685,0.8607
Fawn Veerasunthorn,2375591,0.1522
John David Moffat IV,3162613,0.0655
Emma Westenberg,1498538,0.1162
Daniel Yoon,1474152,0.1559
P.J. Naworynski,3117495,0.0327
Jason Bourque,88040,0.574
Jane Schoenbrun,1827119,0.2307
Howard J. Ford,572295,1.1095
Eli Gonda,2156281,0.1811
Scott Leaver,3033204,0.0535
Carrie Cracknell,1301006,1.7246
Candice T. Cain,1609292,0.6699
Adam Rehmeier,910328,0.3206
Lev Pakman,2887846,0.2525
Irene Taylor,2250741,0.0071
Andrzej Sekula,3115,0.6057
T.W. Peacocke,1372761,0.4054
Paul Crowder,4339,0.3059
Daniel Montgomery,1984471,0.0143
Kiana Moore,3449120,0.0143
Ben Affleck,880,15.2126
Aaron Strey,3311055,0.0143
R.J. Daniel Hanna,1264585,0.1174
Bob Byington,110283,0.5381
Andrew Dominik,37618,0.6594
David Kuan,1089631,0.8896
Yoko Okumura,1951740,0.2762
Court Crandall,70097,0.2552
Ted Betz,3489594,0.0311
Holly Tuckett,2074816,0.0454
James Crow,1106192,0.5555
Luc Walpoth,1723242,0.3093
Michael Bay,865,7.8115
Dolph Lundgren,16644,5.1077
James Balsamo,1036843,0.7731
Ned Benson,1167896,0.684
Damien Leone,933176,1.5492
John Michael McDonagh,65594,0.795
David Fincher,7467,3.1802
Jordan Scott,4570750,0.0445
Tim Brown,1095887,0.118
Don Capria,4717522,0.0726
Sarah Spillane,1200534,0.1949
Phil Blattenberger,2239701,0.0454
Ryan Coogler,1056121,2.2265
Chinonye Chukwu,1150804,0.6308
Alexandra Pelosi,134328,0.429
Eli Roth,16847,1.4773
Ali Abbasi,1574550,1.2033
Kenneth Branagh,11181,3.8442
Jordan Weiss,2186479,0.2102
Ron Howard,6159,3.5095
Walter Hochbrueckner,1687894,0.0214
Monika Mitchell,1224778,0.363
Jonathan Schroder,,
Presley Paras,2762073,0.1228
Pat Williams,1779489,0.0264
Rod Blackhurst,1043983,0.5716
Todd Greenlee,2509643,0.1139
John R. Leonetti,26714,0.5459
Josh Menning,3015224,0.0818
Patrick Perez Vidauri,2175273,0.0579
Chris Appelhans,1453550,0.5547
Damián Romay,1536496,0.2241
Kelvin Mao,2409433,0.2006
Jude Okwudiafor Johnson,2556383,0.0143
Leigh Janiak,1290265,0.6309
Anthony Stacchi,52691,0.2934
Dan Lantz,557168,2.869
John Campopiano,4021223,0.0071
Robert Hollocks,1117718,0.0641
Alan Delabie,2853888,0.2354
Danny Buday,191200,0.4298
Mario N. Bonassin,2152610,0.1126
James Arnold Taylor,19506,1.1866
Kelly Blatz,2811043,0.0327
Jeremy Workman,44934,0.2257
JoAnne Hock,1001757,0.2417
Stefano Sollima,932533,0.7818
Charles Shyer,56106,0.552
Eleanor Coppola,37872,0.3794
Sara Colangelo,1279519,0.1464
Maclain Way,1285877,0.1335
John Madden,3970486,0.0
Joe Russo,19272,1.0889
Moritz Mohr,1275319,0.3347
L. Van Dyke Siboutszen,4652060,0.0264
Richard Parry,935533,0.1288
Jamie Payne,1222374,1.0437
Chris Green,2775390,0.0546
Kedar Shinde,4441925,0.0264
Chris Moukarbel,930695,0.4828
Jed Rothstein,1013275,0.0903
Geert Heetebrij,1018203,0.0143
BJ McDonnell,1149583,0.4087
Amy Barrett,103579,0.1136
John Pollono,1317388,0.4721
Richard Gray,1619741,0.0214
Gabe Polsky,589230,0.5812
Rodrigo García,2825893,0.0
Alex Parkinson,3539698,0.0552
Daniel Zirilli,92062,0.6633
Robert James,3697369,0.0357
Paul Collett,1204866,0.1423
Celine Held,1708936,0.7206
Michael Moreci,2523529,0.0574
Aqsa Altaf,2819547,0.1668
Gil Kenan,57193,0.5463
Joe Wright,2146101,0.1365
Margaret Betts,1667819,0.2153
Iris K. Shim,1381495,0.9114
Sean Ellis,32250,0.9186
David I. Strasser,2129973,0.1009
James Rowe,2549580,0.2818
Channing Tatum,38673,4.9242
Neil Burger,17329,0.7326
William Reiss,1242229,0.3204
David DiCicco,4458080,0.0214
Robert Marianetti,1359857,0.2192
Jeffrey Reiner,84023,0.8622
Alex Kendrick,78040,0.6236
Mikey Alfred,1749787,0.1392
Marc Forster,12995,0.7606
Emmanuelle Pickett,2453604,0.0718
Guillermo del Toro,10828,4.3319
Monica Floyd,1562398,0.0853
David Helling,2847945,0.0717
Hans Petter Moland,95972,0.3669
Caroline Lindy,1473045,1.6483
Cary Solomon,109016,0.576
Claire Knight,2875827,0.0599
Raja Gosnell,1215,0.8873
Hamish Hamilton,77853,0.259
Nicole Gomez Fisher,1391625,0.1087
Ali Scher,1543405,0.1861
Rachel Fleit,3000472,0.1619
Agata Alexander,2245172,0.0363
Miguel Arteta,61069,0.794
David Bercovici-Artieda,1396343,0.0706
Ian Niles,1398279,0.3165
Billie Piper,26076,2.5102
Nicolas Harvard,1197441,0.1521
Josh Brandon,4544209,0.0
So Young Shelly Yo,2743688,0.0214
Andy Suriano,1237556,0.1918
Alexis Jacknow,2244795,0.1862
Jingyi Shao,2893715,0.1217
John Ross,4249512,0.0071
Andrew Hyatt,1331465,0.2165
Ben Carland,3616681,0.0071
Brian Taylor,1074886,0.062
Jay Rodriguez,2676855,0.0336
Dylan Vox,,
Dan Hartley,1209785,0.3151
Bryan Greenberg,23821,1.6355
Titus Kaphar,3497673,0.2571
Reinaldo Marcus Green,1415665,0.4651
Taylor Chien,3024364,0.1182
Marco Perego Saldana,2433993,0.2165
Spyder Dobrofsky,2732275,0.1295
Jake Jarvi,1163971,0.3349
Christopher Ray,97901,0.3232
Sonja Sohn,203683,1.1918
Gauri Adelkar,3321198,0.0239
Peter A. D’Amato,3243778,0.0168
Jose Prendes,97827,0.5942
E.L. Katz,84697,0.901
David Sullivan,2130156,0.0143
Kyle Thrash,2368082,0.1334
Laura Jean Marsh,2023880,0.0948
Michael Saquella,1882037,0.0286
Karl Toerge,937269,0.2582
Matthew Salleh,1184277,0.0575
Bill Oliver,3083612,0.0214
Andrew Lawrence,16479,0.9083
Brett Morgen,102109,0.6147
Brad Peyton,132876,0.8212
Jake Helgren,589410,0.319
Damián Szifron,591600,0.3968
Swinton O. Scott III,1219048,0.2247
Numa Perrier,228834,0.5701
Tony Vidal,810266,0.184
Megan Griffiths,303064,0.4431
Sam Wrench,1556959,0.468
Michael Mohan,856440,0.3144
David Bruckner,3656048,0.0071
Ian Ebright,2333149,0.1013
Gerald McBride,5442289,0.0071
Laura Terruso,1405645,0.415
David Beinstein,2758655,0.0
Joanna Arnow,1269290,0.4592
Simon Kinberg,11092,1.0828
Iván Mulero,3332943,0.0571
Joe Cornet,4553728,0.0143
Brian Brough,2398947,0.3514
David O. Russell,17883,0.9415
Paul Schuyler,2972131,0.0071
Andrew Haigh,2222516,0.0574
Timothy Armstrong,1037977,0.0686
David Joseph Craig,1379720,0.1661
David Lipper,110018,0.6095
Darien Smith,3140377,0.0214
John Swab,1504645,0.585
Mark Molloy,3498713,0.1617
Nick Hooker,1647862,0.985
Pat Kiely,209819,0.3232
Kiel Thorlton,3443871,0.0
Wes Anderson,5655,2.3958
Ethan Berger,3629649,0.0645
Greg Newberry,3362509,0.0168
Sabaah Folayan,1732152,0.1157
Craig David Wallace,1251913,0.0606
Jeffrey A. Smith,3065586,0.0297
Katt Williams,58926,2.0306
Niki Caro,15287,0.4634
Jerry Ciccoritti,1212571,0.356
Riley Cusick,2070310,0.1274
James Mangold,366,0.8961
Steve Buscemi,884,5.3297
Angus Benfield,1094876,0.4353
Andrew Ahn,1554277,0.6376
Jeff Hare,229246,0.3969
Jay Jenkins,2834614,0.0524
Lesley Demetriades,2057902,0.1439
Daniel Lusko,1155329,0.2619
Brandon Guiles,2916322,0.0571
Karen Maine,1394656,0.3769
Stanley Nelson,115893,0.4227
Danielle Winter,2885759,0.0622
Robert H. Lieberman,947129,0.2819
Richard Shepard,44740,0.4059
Christian Sesma,130530,0.2309
James Watkins,63306,1.2474
Adrian Grünberg,589402,0.3476
Elgin Cahill,1988065,0.0437
Fletcher Moules,3326242,0.2062
Patrick Meaney,1404449,0.0
Janus Metz,118606,0.3643
Nicholas Fabiano,2952066,0.0528
George Miller,20629,1.3075
Deborah Voorhees,1520288,0.3607
Nikyatu Jusu,1077578,0.1359
Larry A. McLean,1484749,0.2189
Tyler Babin,4923305,0.0071
Magnus Martens,447777,0.2685
Joseph Kosinski,86270,2.337
Ava DuVernay,929825,0.9383
Phil Volken,1115305,0.5754
Robert Dean,1100502,0.2407
Matt Mercer,1186713,0.7021
Nahnatchka Khan,1224454,1.0307
Jill Carter,1381934,0.3584
Scott Windhauser,1619545,0.1727
Nadira Amrani,2140872,0.0563
Shane Stanley,18697,0.537
Stefan Forbes,1669559,0.0387
Xan Cassavetes,223806,0.2369
Rory Kennedy,1037308,0.2634
Roxine Helberg,1663833,0.2227
Richard L. Anderson,671,0.5096
Alejandro Contreras,3053714,0.0168
Andre Gaines,2977966,0.1128
Sarah Polley,98,1.6634
Michael Arcell,3349109,0.0412
Cullen Hoback,116779,0.1165
David Gelb,928915,0.3022
Adam Anders,1691433,0.2488
Anna Derryberry,3810565,0.0214
Darcy Weir,2250788,0.0487
Neil Jordan,17016,0.6293
Sophie Lane Curtis,1329537,0.8468
James Suttles,141189,0.0964
Carlos Ayala,4037849,0.0071
John Krasinski,17697,5.2315
Dom Cutrupi,3342211,0.0563
Glenn Miller,1585041,0.0
Shane Woodson,76028,0.5155
Adrian Lyne,7270,1.2153
Adrian Avila,2150330,0.0762
Bo Burnham,115128,0.6081
Emerson Moore,2686492,0.0863
Sophia Banks,2410737,0.7449
Hayley Easton Street,1428907,0.1962
John Hamburg,17871,0.9195
Matt Kubas,1980851,0.4321
Noah Luke,1231571,0.3565
Luke Cormican,2001473,0.286
Soleil Moon Frye,116436,1.1129
Alex Garland,2036,1.4918
Brian Jaggers,2605268,0.063
Analeine Cal y Mayor,1148217,0.1004
Samuel Gonzalez Jr.,2415010,0.1538
Dorie Barton,155393,0.7501
Neil Berkeley,938587,0.2404
Mark Greenstreet,1197824,0.1405
Brandon Ho,2204715,0.0456
Michael J. Wickham,2093730,0.0286
Valerio Zanoli,130628,0.2111
Jeff Kurr,1359752,0.0931
Spenser Cohen,1651531,1.0597
Peter Sollett,71548,0.6914
Scott Hamm Duenas,149505,0.231
Shannon Walsh,545534,0.1047
Grant Singer,1452963,0.2628
Joseph Mbah,1570166,0.112
Chris Williams,1626768,0.0293
Matt Eastin,3231398,0.0214
Ben Sempey,3714178,0.0729
Mark Waters,2672256,0.0
Anya Adams,2254959,0.6371
Ivy Meeropol,2217622,0.1733
Michael Feifer,64278,0.341
Paul G. Volk,184415,0.2929
Robert Cullen,1905014,0.0773
Heather Hawthorn-Doyle,1247014,0.3088
Renan Öztürk,1123183,0.3496
Ross W. Clarkson,1069627,0.5393
Stephen Belber,87672,0.3207
Andrew McCarthy,37041,2.6059
Karl Hadrika,1539469,0.1112
Rudy Mancuso,1727045,1.0101
Chris Howe,1398674,0.0143
Brian Nowak,1604265,0.2758
Jason Moore,1836531,0.0143
Paul Schrader,1035,0.8923
Amy Redford,80988,1.3027
Zach Parrish,1194137,0.839
Craig Brewer,53267,0.6395
Alberto Belli,1544795,0.6696
Ricki Stern,74105,0.2717
Daryl Wein,131870,0.3084
Greg Kohs,1209148,0.515
Stelana Kliris,1343584,0.2516
Linda Yellen,1177381,0.0987
Eamon O'Rourke,1716779,0.5152
Prarthana Mohan,2067336,0.1057
Daniel Farrands,78136,0.3209
Alex Thompson,3139183,0.0071
Jazmin Jones,3442283,0.0453
Laurence Vannicelli,1656556,0.052
Patrick Wilson,1994503,0.0765
Halle Berry,4587,6.6402
Alexandre Bustillo,81044,0.2904
Vicky Jenson,12058,1.0276
Talia Osteen,2765298,0.3868
Josh Cooley,84496,0.7755
Craig Moss,130051,0.3839
Michael P. Blevins,4511792,0.0
Kendall Whelpton,2621800,0.0492
Nick Lyon,21825,0.4294
Matt Burnett,2084816,0.4332
Wendy Faraone,1983384,0.1427
Clint Eastwood,190,5.7481
David Smick,2745975,0.1029
Logan Giese,2986282,0.0214
Terra Glen Campbell,3205672,0.0516
Angelita Mendoza,1845680,0.0338
Paula Rhodes,93932,0.5653
SK Dale,2263272,0.2591
Àlex Pastor,94220,0.313
Greg Glienna,17869,0.5512
David Andrew James,4576110,0.0
Joseph Granda,4534219,0.0429
Brittany Underwood,1220763,0.9455
Chris Renaud,2274992,0.0535
Jean-Stéphane Sauvaire,56373,0.1141
McG,36425,0.8347
Peter Orton,108249,0.1927
Jake Kasdan,51851,0.8
Alexander Jeffery,1163923,0.056
Alan Autry,75022,0.4941
Rob Diamond,222497,0.7819
Doug Liman,11694,0.9197
Nahala Johnson,1191462,0.3404
Dianna Ippolito,1467190,0.0623
Phil Messerer,1944806,0.3315
Hiroshi Katagiri,1745813,0.0495
Brittany Wiscombe,143316,0.3406
Mitch Schauer,1234311,0.1917
Mike Barker,1360133,0.0962
Dan Trachtenberg,568322,0.7296
Justin Simien,1059571,0.2047
Cassius Michael Kim,4194804,0.0577
Chris McKay,4451589,0.0214
Clare Cooney,1844380,0.2215
Matt Eskandari,231705,0.7949
S.E. DeRose,2954261,0.0239
Simon McQuoid,1828590,0.75
Kellie Martin,93663,1.1377
Diego Silva Acevedo,2388121,0.0357
Brian Andrew Mendoza,1722811,0.4938
Cornelia Moore,115435,0.1206
Steven K. Tsuchida,1308925,0.1792
Ryan White,1504268,0.0214
Tim Dahlseid,3280281,0.0709
Carlson Young,965770,1.1321
Renny Harlin,16938,1.6296
Caterina Turroni,1544353,0.0758
Dan Reed,3372270,0.0977
Mat Menony,3560945,0.1503
Raliegh Wilson,1046465,0.1595
Dallas Jenkins,78013,0.7722
Marcus Dunstan,51023,0.3634
Don Hall,3079032,0.0071
Michael B. Chait,1855244,0.1689
Chip Baker,2314195,0.0256
Vanessa Winter,3274445,0.1806
David Leitch,40684,1.2033
Peyton Reed,4374667,0.0
Michael Sarnoski,2580328,0.5239
Johnny Strong,12796,1.3767
Mark Dindal,61411,0.3932
Jihane Mrad Balaa,4065688,0.044
Arturo Perez Jr.,1438991,0.0673
Charlie Day,95101,4.1567
Sean Charmatz,1521078,0.2269
Keith Thomas,2381662,0.2426
Dallas Burgess,3001210,0.042
Derek Ting,1070341,0.4839
Josh Berman,4137752,0.0
Ruben Fleischer,91268,1.1394
Michael Fimognari,63099,0.1992
Emery Emery,83346,0.0932
Anthony Catanese,2354554,0.0143
Chris Smith,31654,0.4704
Eromose,228911,0.2697
Paul Meins,2866499,0.1931
Gaysorn Thavat,2411010,0.0917
Brad Douglas,2258737,0.0071
Ryan Polito,109744,0.2429
Claudio Bellante,1448185,0.0991
Roger Ross Williams,1140442,0.1566
Tyler Perry,80602,2.1573
Adam Saunders,205463,0.2893
Ursula Macfarlane,1850023,0.1337
Laurel Parmet,1774382,0.2046
Brendan Devane,2980987,0.0744
Gary Dauberman,1338249,0.4165
David Schurmann,1072150,0.067
Spencer King,2741617,0.0
John Rokosny,3984305,0.0214
Bishal Dutta,4589553,0.0
Catherine Hardwicke,19850,0.5731
Michelle Danner,439915,0.1968
Alfons Adetuyi,1243311,0.2606
Vibeke Muasya,555790,0.2725
Kaneesha Heath,3796853,0.0
Bradley Cooper,51329,3.5649
Kevin Ang,1558535,0.3086
Saim Sadiq,2261501,0.4165
Angus MacLane,7929,0.7828
Sean Patrick O'Reilly,131416,0.206
Miguel Puga,2779079,0.1416
Thom Harp,1640393,0.1389
Tyler Milliron,2901230,0.0143
Sam Hargrave,1120883,0.8045
Minhal Baig,1617376,0.7575
Joe Ahern,3838547,0.0311
Nino Aldi,89291,0.0833
Alejandro Hartmann,1815786,0.1841
Bethann Hardison,1068417,0.1721
Matthew Heineman,971292,0.1385
Jeff Tremaine,56578,0.8694
Sean Riley,2207274,0.0071
Maureen Bharoocha,1492971,0.0919
Pamela Adlon,21063,2.4877
Quentin Lee,231550,1.1396
Fiona Robert,1472889,0.2452
Rebecca Usoro,3903147,0.0143
Art Camacho,112159,0.6363
Tae Daaz,5335801,0.0
Bobby Lacer,2959488,0.2019
Michael Matteo Rossi,996671,0.6413
Will Wernick,1809758,0.5443
Kevin Bachar,1257726,0.1769
Dan Karlok,171503,0.1605
Lucie Jourdan,3506585,0.1549
Carrie Simon,4470911,0.0327
Jeff Wamester,2927725,0.1925
Julio Quintana,1636905,0.1674
Laura Murphy,2883071,0.0071
Ronnie Nanos,2758018,0.1228
Jamal Dedeaux,3681416,0.0854
Gonzalo López-Gallego,77123,0.1276
Jennifer Esposito,18285,3.3734
R. Ellis Frazier,115091,0.3058
Shan Serafin,1063933,0.0071
Kemp Powers,2451598,0.6008
Bernardo Britto,1405820,0.1646
Rick Morales,2422987,0.0168
Denny Tedesco,1422815,0.1111
Clay Tarver,67539,0.3783
Graham Suorsa,3738033,0.0071
Troy Quane,587699,0.4396
David Kerr,2835106,0.1468
Max Barbakow,1704882,0.3659
Morrisa Maltz,2027356,0.2226
Benjamin Lehmann,3325022,0.0214
Jaume Collet-Serra,59521,0.5771
Sarah Findley,4177022,0.0629
John Foss,2325491,0.0584
Ben Winston,1262630,0.0071
Zack Ward,12714,1.8899
Glenn Campbell,568324,0.279
Lukas Kendall,3037128,0.0
David Lowery,1558873,0.0823
Suzanne Coote,1919529,0.4962
Michael Zaiko Hall,2588768,0.0656
Douglas Tait,51301,0.7557
Francis Lawrence,10943,1.6628
John C. Donkin,5718,0.3602
Joseph DeGolyer,4613234,0.0
Todd Phillips,4025427,0.0327
Michael Mongillo,106216,0.0507
Kyle Kauwika Harris,1638084,0.0478
Richard LaGravenese,2163,1.3283
James Nguyen,1640159,0.0281
Joel Paul Reisig,88506,0.2355
Garret Price,1302431,0.2771
Will Merrick,1221073,1.2821
Gregory Bayne,1912552,0.1212
Joe Lujan,1845764,0.4851
Gene Stupnitsky,84416,0.6538
Liz W. Garcia,288710,0.335
Shawn C. Phillips,1102159,0.7886
Martin Durkin,29881,0.0656
Molly O'Brien,1244039,1.1871
Adam Cooper,2809297,0.0261
Travis Greene,2051112,0.0071
Matt Sobel,1396430,0.3061
Dallas Jackson,2101952,0.2372
Kay Cannon,208664,0.9364
Wes Ball,1179066,0.8747
Myles Clohessy,2251047,0.4851
Rob Loos,1230379,0.0631
Florian Zeller,1150548,0.3898
Eddie Trigueros,1633104,0.258
Tommy Oliver,1150712,0.1646
Henry Barrial,202885,0.3089
George Nolfi,1921,0.942
Paul Feig,116805,1.6402
Derek Maze,3298011,0.1593
Jon Delgado,1405326,0.2786
Emily Kaye Allen,3273240,0.0071
Wallace Wolodarsky,486,0.6627
Marcelo Grion,1927195,0.072
Darren Lynn Bousman,2675,0.5339
Jason Campbell,2888705,0.0429
Alejandro Brugués,454818,0.2327
Aaron Nee,1682431,0.0143
Dan Brown,4261183,0.0
Jamie Patterson,3869635,0.0
Rusty Cundieff,141825,0.4011
Abbi Jacobson,1325731,1.402
Daniel André,3591260,0.0423
Pat Mills,1030260,0.1074
Dawn Porter,138166,0.3822
Kurtis David Harder,1183788,0.3438
Devin Fei-Fan Tau,2423833,0.0404
Miriam Bavly,2862863,0.0071
Matthew Yerby,1773414,0.0673
Rodo Sayagues,1046225,0.3722
Zach Cregger,84833,1.4454
Matt Kane,1070854,0.7025
James Fox,1137471,0.2052
Robert Michael Ryan,191028,0.5872
Geo Santini,1312357,0.6748
Gerald Rascionato,1692995,0.1069
Amy Poehler,56322,1.5514
Jeff Rowe,1578590,0.2873
Kat Mills Martin,3434372,0.0071
Ishana Night Shyamalan,2957803,0.3086
Brad Keller,35561,0.1582
Han Kwang Il,3158694,0.1993
Joel David Moore,59231,1.6746
Charlie Haskell,173491,0.3396
Federico Finkielstain,1717673,0.0685
Michael Jelenic,113901,0.3829
Bobby Yan,1381029,0.0787
Olivia West Lloyd,2181194,0.0143
James Gunn,15218,3.0854
Jack C. Newell,1874148,0.1828
Kirk Caouette,172874,0.2817
Louis Mandylor,54649,1.7301
Jeremy Elder,4973959,0.0787
George A. Johnson,928308,0.1249
Adam Werth,2524965,0.2294
Zeina Durra,997623,0.1703
Daniel Graham,1827463,0.1781
John Berardo,1679765,0.1471
Enrico Casarosa,930567,0.2822
Gary Alazraki,1167724,0.2935
Lana Wilson,1140436,0.2149
Katsuya Kondo,78345,0.9545
Alexandra Zelman-Doring,3852052,0.0429
Erik Peter Carlson,1163302,0.0671
Olivia Wilde,59315,3.9903
Sarah T. Schwab,2263438,0.3346
Michael S. Ojeda,372442,0.3319
Thet Win,2169867,0.0143
Lee Roy Kunz,1116309,0.5365
Lana Read,1807076,2.2323
Jesse Moss,59926,0.5143
David Sumner,26695,0.3603
Pierre Morel,35453,1.0023
Michael Chaves,1607672,0.6271
Eytan Rockaway,1513670,0.5819
Matt Brown,1496011,0.3479
Jimmy Giannopoulos,2526303,0.0281
Janaya Black,2187971,0.0757
Christopher Ninness,4663195,0.0387
Tucker Prescott,2608755,0.0707
Andrew Mecham,2035696,0.121
Jeremy Garelick,59027,0.6317
Andy Muschietti,1113116,2.8048
Maclain Nelson,107792,1.0955
Robert Henderson,1663116,0.0261
Shane Dax Taylor,59502,0.5421
Rhys Frake-Waterfield,3122176,0.6892
Jake Johnson,543505,2.7374
Nancy Buirski,973668,0.1093
Todd Haynes,16863,0.6978
Jason Murphy,2215393,0.0
Katt Shea,102634,1.0011
Linda Goldstein Knowlton,1033793,0.0985
Andrew Callaghan,2723800,0.0478
John Ridley,1538845,0.5242
Nick Leisure,2638666,0.1081
Mali Elfman,1491437,0.4662
Mary Harron,16378,0.5443
Colton Tran,1280880,0.5469
Pawo Choyning Dorji,2399109,0.2586
Sean Durkin,527607,0.934
Iain Softley,1978,0.4459
Dylan Query,3694693,0.0143
Colin West,1449572,0.3014
Richard Nash,2474656,0.2372
Demi Lovato,85138,1.6394
Adam Randall,1024288,0.0429
Oren Benamor,1658159,0.1077
Lance Kawas,109905,0.6954
Jack Peter Mundy,2994607,0.1048
Matt Smukler,1435819,0.0443
Greta Gerwig,45400,1.8265
Rick Bieber,71339,0.2548
Nick Bilton,1624636,0.1621
Nathan Steve Smith,3973365,0.0362
Brent Huff,84648,1.0519
Christy Hall,2143761,0.4689
Tori Hunter,4824244,0.0788
Tim Ritter,98713,0.2129
Dean Craig,22807,0.5245
Nicholaus Goossen,60149,0.0797
Tom Dey,46076,0.4476
Audie Harrison,2269906,0.3021
Li Dachuan,3214124,0.0071
Shawn Levy,17825,3.0436
Andrew Bujalski,40864,0.2891
Alexander Sharp,3543995,0.0
Hamish Linklater,184581,1.787
Vincenzo Conrorio,4278807,0.0239
Claire Scanlon,1296522,0.4917
Constance Marks,254741,0.1761
Juan Carlos Fresnadillo,17597,0.2821
Darrell Mapson,3013302,0.0071
Lukas Hassel,164543,0.8614
Andrew Cymek,122366,0.5245
Bill McAdams Jr.,1496388,0.5298
Henry Selick,57646,1.3248
Michael Winnick,101233,0.3353
Emily Moss Wilson,1718392,0.1661
Leo Veiga,4688063,0.0071
Mike Roth,40083,0.0071
Ty Roberts,2253977,0.1121
Zachary Wigon,1288707,0.2643
Gabriela Tagliavini,84437,0.1263
Robert Budreau,69845,0.2963
Cedric Nicolas-Troyan,1454884,0.2419
Kathi Selvakumar,3074497,0.0071
Gina Prince-Bythewood,71947,0.3145
Jeff Tomsic,1341472,0.619
Tina Satter,3581387,0.2122
Dan Bush,141963,2.5744
Tamra Davis,57691,0.4097
Simon Ennis,557942,0.1236
Kevin Costner,1269,8.7102
Damon Duncan,2236410,0.0873
Ben Wheatley,137467,0.8002
Matt Ruskin,4006271,0.0
Sarah Dowland,2151682,0.0682
hazart,1554237,0.1727
Haylie Duff,53929,1.6432
Billy Luther,1097660,0.1372
Josh Ruben,1448874,0.7528
Cory Morrison,4363655,0.0214
Byron Howard,76595,1.9059
Damon Thomas,146864,0.6864
Massimiliano Cerchi,103123,0.0736
Lisa Maydwell,2898214,0.0286
Tim Burton,510,3.2205
Tammy Lane,3461871,0.6879
Michael Keaton,2232,4.0184
Dutch Marich,2481946,0.1057
Josh Tickell,74600,0.2026
Jared Moshé,1063311,0.3558
Tyler Chipman,2829792,0.1195
B. Luciano Barsuglia,1486790,0.1926
